price,quality,popularity,rating,category,brand,recency,price_pct,quality_pct,popularity_pct,rating_pct,recency_pct
123.7243557437508,36.03037074017635,27.922777268698884,2.9162379714188305,Electronics,budget_brand,0.42703411302756866,0.815,0.38,0.275,0.35,0.42
136.1594680495104,20.582007664083683,17.72574884123604,2.9886426592159303,Computers,mid_brand,0.20509872409201285,0.78,0.2075,0.175,0.37,0.1925
280.67853685108537,11.360839726959082,4.323191342907901,2.7754269766316115,HomeKitchen,budget_brand,0.1802827193135993,0.5175000000000001,0.105,0.03,0.31,0.1675
254.13390762537995,10.918039299424043,4.466255457187734,2.739194460634592,HomeKitchen,premium_brand,0.4561501171999759,0.5700000000000001,0.1025,0.0325,0.305,0.435
261.97771090141845,35.19158152159639,25.608068464989515,3.414304834715757,HomeKitchen,premium_brand,0.27563042814127936,0.5525,0.375,0.2625,0.465,0.2925
116.67994213494737,13.531021025862277,14.426322258285856,1.1567248621887716,HomeKitchen,mid_brand,0.3894607686161366,0.835,0.1325,0.15,0.03,0.3825
30.091060618922537,48.9219673954364,34.277406676806585,2.7447089029557556,Computers,premium_brand,0.025578898454387478,0.97,0.4925,0.3475,0.3075,0.01
231.84908889031732,25.218672895838534,2.343518416542362,2.1876557734651305,Computers,premium_brand,0.25543876479572386,0.6174999999999999,0.27,0.02,0.205,0.2725
254.2418755918179,8.559455939396827,14.368368511948242,2.497969772812353,Computers,budget_brand,0.2597120872925539,0.5675,0.08,0.1475,0.25,0.285
15.469810092812537,12.220439378084619,32.0827470680476,2.820827235563103,Computers,mid_brand,0.2939900231956967,0.985,0.1125,0.3175,0.325,0.305
132.58380777187034,6.2717323791798565,21.64375436214394,2.3346989244104885,Computers,premium_brand,0.34293388605082586,0.785,0.0675,0.22,0.2325,0.34
53.06511929003516,13.010869594654705,42.64693836727035,3.1744448539276497,Electronics,mid_brand,0.7039430411164136,0.9325,0.125,0.4175,0.41,0.735
258.58751011118625,25.086908246269722,29.40831904096008,2.6476112271105103,Computers,premium_brand,0.2567570110830402,0.56,0.2675,0.2875,0.2675,0.275
57.6020455689353,43.93453716840373,22.074196164502286,1.2089847371735383,HomeKitchen,budget_brand,0.37625425956746156,0.9225,0.46,0.2225,0.0475,0.3675
20.048222151178386,26.073496929501143,24.01319754189659,1.6033101489119117,HomeKitchen,mid_brand,0.08830467489056061,0.9775,0.2725,0.245,0.12,0.07
48.570818415993436,15.78630386499772,39.6600655252462,1.6683228318297472,HomeKitchen,budget_brand,0.3548000957840523,0.9375,0.165,0.385,0.125,0.3475
212.3503198523465,3.3360625047398837,45.03340694126354,1.3342882252605888,HomeKitchen,mid_brand,0.2618399389176545,0.6475,0.04,0.4525,0.0625,0.2875
79.47119482400197,32.676165619299965,3.803031937423329,1.3718277937256866,Computers,mid_brand,0.11762762884930976,0.885,0.34,0.0225,0.0725,0.11
92.73180086464512,10.162072779937326,21.236016916836498,3.2068730608529403,HomeKitchen,mid_brand,0.38311929436888353,0.8725,0.09,0.2125,0.415,0.375
138.79939052673117,31.934416998104343,48.911089291685514,3.426436708793191,Electronics,budget_brand,0.27275484578430276,0.77,0.325,0.49,0.47,0.29
48.69235883647217,38.83662443053737,14.743797819131144,3.0705846186181787,Computers,mid_brand,0.3611355423077756,0.935,0.41,0.1525,0.39,0.355
67.0927984130509,31.52722921330048,5.932361436436717,2.428980774243193,HomeKitchen,mid_brand,0.6558480873599569,0.9025,0.3225,0.045,0.2425,0.6725
107.27942794921226,13.290766508413531,45.06392457298169,3.0778874627178014,Electronics,premium_brand,0.19840162090344912,0.845,0.13,0.455,0.3925,0.1875
41.579569189384486,23.166194939528268,38.76359389542499,2.705502703956352,HomeKitchen,mid_brand,0.17106222386007006,0.955,0.2375,0.3825,0.2925,0.1575
55.014622764574355,21.843394051473346,13.204415998416152,1.691601660701987,Electronics,premium_brand,0.4008490457926355,0.9275,0.225,0.13,0.13,0.39
45.27602998080091,20.908327565663843,9.939785116358207,1.524156575947278,HomeKitchen,premium_brand,0.19796466780849203,0.9475,0.21,0.0775,0.095,0.185
82.4617441051123,12.91571982782468,40.65561668511394,3.034412602463136,Computers,premium_brand,0.05727545220681039,0.8825000000000001,0.12,0.4025,0.375,0.0425
246.99896838896876,22.545569508524704,34.14632058988647,1.0295191756724222,Computers,budget_brand,0.06200517802250777,0.5875,0.235,0.3425,0.01,0.0475
288.5543733502704,37.88792357942524,26.48387554907707,3.4995320296331016,Computers,premium_brand,0.12685507822333034,0.5075000000000001,0.3975,0.2725,0.5,0.1175
75.33846125555252,39.84628707005679,10.002881988599855,2.905078135801541,HomeKitchen,premium_brand,0.6897025397906399,0.8925,0.4225,0.0825,0.345,0.71
275.48116240316494,36.071445004262394,36.55433754928588,3.1314759961252467,Computers,budget_brand,0.6854107137682043,0.5325,0.3825,0.3625,0.4,0.7
39.88253733206464,25.014072903149042,20.90074852621122,2.664762211926488,Computers,premium_brand,0.3261431293038519,0.96,0.265,0.2075,0.27,0.3275
126.586985777402,12.219357447230445,13.795101462918502,3.1199569266653024,Electronics,budget_brand,0.24887949235623116,0.8075,0.11,0.14,0.3975,0.255
172.89311611169043,23.59727265492487,25.25277022158314,2.690546525134965,Computers,premium_brand,0.2323573313975281,0.7224999999999999,0.245,0.26,0.2875,0.2425
155.95893600447562,27.46069795851676,5.381250232594809,1.4900243972860494,Electronics,mid_brand,0.052675909990886303,0.7424999999999999,0.28,0.04,0.0875,0.035
137.70186049976223,48.42179138563744,29.50218315520477,3.472372319461483,Computers,budget_brand,0.03265030455927864,0.7725,0.485,0.29,0.4875,0.0175
129.9614532081937,7.723893264988097,31.52858996149699,1.0660160484117482,HomeKitchen,budget_brand,0.4653990802520727,0.79,0.0725,0.3075,0.015,0.4475
212.65211811365498,37.60788836231575,24.9113709471926,3.1583992246018955,HomeKitchen,budget_brand,0.4897755349337704,0.645,0.395,0.2575,0.4075,0.4775
64.08445509264725,20.98936396822811,43.180959020515544,1.5482793990637116,Computers,mid_brand,0.5660001818378592,0.91,0.2125,0.4225,0.1025,0.57
204.2659401723343,28.26291571023892,12.183951936150383,2.1127850678149254,Electronics,budget_brand,0.05617519732976855,0.6699999999999999,0.2875,0.1125,0.1925,0.04
290.9412222985452,21.585245079693383,11.007062686368169,1.9968038878139163,Electronics,premium_brand,0.10776537620019828,0.5025,0.2225,0.1,0.1725,0.0925
99.83472121436854,34.87421709035418,26.41243891619179,2.8457472030885373,Computers,mid_brand,0.134931533048812,0.8625,0.3675,0.27,0.335,0.1275
16.55231162149442,21.321580280897095,23.459126600136,2.6893733161275004,HomeKitchen,premium_brand,0.1759268148482743,0.9825,0.2175,0.235,0.285,0.1625
76.18589147056835,14.836936992510157,4.235336166482595,2.882947946988589,HomeKitchen,budget_brand,0.641437013851954,0.89,0.15,0.0275,0.3425,0.6475
48.51434221806024,45.90666485403309,35.709933345981575,1.8944171835685886,HomeKitchen,mid_brand,0.6301014959072132,0.94,0.4675,0.3575,0.1575,0.635
279.45122771950537,33.81174606707338,29.984885296988605,1.142468787490476,Electronics,mid_brand,0.25244244472333544,0.5225,0.355,0.295,0.0275,0.2625
290.3481669063125,23.965237572474262,42.81651961339423,1.4732366314065146,HomeKitchen,mid_brand,0.12583152360063274,0.505,0.2525,0.42,0.085,0.115
246.8992325444276,13.765287707925083,10.150627310411513,3.256681665261416,Computers,budget_brand,0.10251713443165224,0.5900000000000001,0.135,0.0875,0.42,0.08
37.793421458516306,41.75295086268287,17.332810996928455,2.298348977503244,Electronics,budget_brand,0.055756356978299525,0.9625,0.4475,0.1725,0.22,0.0375
251.3755225249755,33.526215238233206,4.66120135400589,2.023495022271369,Electronics,premium_brand,0.038965074411730215,0.5775,0.35,0.035,0.18,0.03
189.22817630114395,28.292960652001636,60.95692171245907,2.6815072099322173,HomeKitchen,premium_brand,0.7944719488485221,0.6925,0.29,0.6025,0.2775,0.8375
293.8523108217575,4.241799790665124,93.72281970067188,3.472786592611275,Electronics,mid_brand,0.6637079070602457,0.5,0.0525,0.9225,0.4925,0.6775
142.0909683652244,14.651524755860956,99.15172926603597,3.257666407141944,Computers,premium_brand,0.8914729467961693,0.765,0.1475,0.99,0.4225,0.94
68.74443901737574,14.645364923074967,50.84649500163803,2.8803427684850584,Electronics,premium_brand,0.7860690134447684,0.9,0.145,0.5125,0.34,0.82
276.51944039335547,19.674798249832364,58.914112605651596,2.5381163033302676,HomeKitchen,premium_brand,0.9191895863596297,0.5275000000000001,0.1875,0.58,0.255,0.9675
91.70151900807898,46.57732766776761,75.76129432163316,1.7334080215682082,Computers,mid_brand,0.9278646688838265,0.8775,0.4725,0.75,0.135,0.9725
184.47344378939704,49.95172108387435,54.11932323480583,2.6800694576971402,HomeKitchen,premium_brand,0.36916809577652865,0.7,0.4975,0.5375,0.2725,0.3575
136.89102031316935,4.007605926813584,83.1643471507947,1.5304602588288843,Computers,budget_brand,0.6717032274458415,0.7775,0.05,0.82,0.1,0.68
203.31004018476793,48.62316557083316,76.45929113246348,1.012917926798646,HomeKitchen,premium_brand,0.834806230618771,0.6725,0.4875,0.76,0.005,0.8725
252.14382503379335,30.65452456753978,57.42411926710304,2.0776585148920725,Electronics,budget_brand,0.5593344587249973,0.575,0.3075,0.5675,0.1875,0.555
204.5172110488355,36.22548964039294,99.66819180425253,2.8258024011823446,Electronics,premium_brand,0.5792248896454996,0.665,0.385,1.0,0.33,0.59
228.49910353640576,29.878662326662315,98.37194422626757,1.4177821457970845,Electronics,budget_brand,0.5786596695977669,0.62,0.3025,0.9775,0.075,0.5875
192.9913504621308,27.09896902458759,98.52784840324792,3.0476260620765947,Computers,premium_brand,0.6867182384846969,0.6825,0.2775,0.9825,0.385,0.705
164.1581630718085,0.5837077187145823,61.61371688728048,1.2180191517509142,HomeKitchen,premium_brand,0.6373255805607346,0.73,0.0075,0.6075,0.055,0.6425
170.7111897273991,27.893331255945746,75.33192042826957,2.7995990151401013,HomeKitchen,budget_brand,0.40647322797562063,0.725,0.285,0.7425,0.32,0.4025
236.17315849060313,40.54526961367124,97.68256302158244,2.684162056746427,Computers,mid_brand,0.7091790216583542,0.6074999999999999,0.4275,0.965,0.28,0.74
153.3045408127821,5.304399802290666,88.78744667307004,3.457540299793925,Computers,mid_brand,0.48839313672849693,0.7525,0.06,0.875,0.4825,0.475
92.61135574886785,24.34381708352462,77.7501454406304,2.3131574401500274,HomeKitchen,mid_brand,0.23345844970001325,0.875,0.2575,0.7825,0.225,0.245
105.20943556561062,12.647811635017469,65.4966761351183,2.822865166450616,HomeKitchen,budget_brand,0.5273276524276421,0.8525,0.1175,0.6375,0.3275,0.515
131.3979104168973,39.464486220904924,96.13493984075994,1.580451111229672,HomeKitchen,premium_brand,0.84104566997137,0.7875,0.42,0.945,0.115,0.8825
175.9760165604627,19.784691644264353,67.53751938707154,3.4725673334466207,Electronics,premium_brand,0.7323294498273654,0.7125,0.19,0.665,0.49,0.7625
256.03496230327187,46.12255841150412,90.9985164292414,3.319208285449004,Electronics,budget_brand,0.632725267643224,0.5625,0.47,0.89,0.43,0.6375
125.74798677143733,47.53140126996867,86.53713744557457,1.0963015464582857,Computers,mid_brand,0.5118829987987593,0.8125,0.48,0.85,0.0175,0.5
192.00808691665844,38.880931592487435,71.43152335579184,2.3682992797643863,Electronics,mid_brand,0.7331983160489162,0.685,0.4125,0.715,0.235,0.765
224.3956722912638,6.263086600932866,78.88368479184871,3.1336283135444085,HomeKitchen,mid_brand,0.7692393176166706,0.63,0.065,0.795,0.4025,0.7975
31.423042816512464,32.74786056061825,96.20968172660244,1.175689884581345,HomeKitchen,budget_brand,0.9686010548296543,0.965,0.345,0.9475,0.0325,0.9975
191.93916242350997,10.6630522867936,66.34506494214838,1.355353476174616,Electronics,mid_brand,0.8709826903491044,0.6875,0.1,0.6525,0.065,0.915
278.87232166914674,30.00525978023082,77.51426966263273,1.740669758407633,Computers,premium_brand,0.688958982324606,0.525,0.305,0.7775,0.1375,0.7075
142.80792031753492,3.501406877236246,99.42604028469535,2.729515271075967,Computers,mid_brand,0.6719528909479662,0.7625,0.0425,0.995,0.3,0.6825
211.29417574221063,5.017631020857766,54.64064697833331,1.5488835171996143,Electronics,budget_brand,0.6469839576825966,0.6525000000000001,0.0575,0.5425,0.105,0.6625
155.59002128912715,22.253052500314364,65.54374528128946,3.3281798803949414,Electronics,mid_brand,0.9384302973143078,0.745,0.2325,0.6425,0.4325,0.9825
249.05545191705622,27.818449510508934,87.01791409594426,2.3131813211029844,Computers,mid_brand,0.5714740302963337,0.5800000000000001,0.2825,0.8525,0.2275,0.5775
180.57055708899688,22.190619140609208,53.88653322996348,1.883873162000418,Electronics,mid_brand,0.7816860088953889,0.7050000000000001,0.23,0.535,0.1525,0.815
279.4527204185309,35.092870725867336,57.64833054146983,2.272902162788907,HomeKitchen,premium_brand,0.8285489485395655,0.52,0.3725,0.5725,0.2175,0.865
245.65081743150836,45.752391455396996,55.47817965558731,3.364497319310691,HomeKitchen,premium_brand,0.7172618253705711,0.595,0.465,0.55,0.445,0.7475
162.3513749675338,38.74130891027275,92.73700101254846,1.982799744402329,Computers,budget_brand,0.5308158028924254,0.735,0.4075,0.9125,0.17,0.5175
107.08087534375143,3.9050129063627037,62.55178558615198,1.6737913436005851,Electronics,premium_brand,0.7708092377372228,0.8475,0.0475,0.62,0.1275,0.8025
270.0528259583894,17.984346605099333,64.40486810047814,2.9844570222792686,HomeKitchen,premium_brand,0.7905538768976657,0.54,0.1825,0.6275,0.3675,0.825
55.16687511784515,12.54785545242036,67.13158109007226,2.382104473935155,Electronics,mid_brand,0.5135027081775132,0.925,0.115,0.66,0.24,0.5025
77.74976830489254,2.7147831002166276,63.17816955208527,1.1826420572622722,Computers,mid_brand,0.6244303339706803,0.8875,0.03,0.6225,0.04,0.625
163.50548598628544,48.821731127493614,71.06568991749558,3.4071626793707397,Computers,premium_brand,0.7355402417534215,0.7324999999999999,0.49,0.7075,0.4625,0.77
253.58439060421077,31.0462877291723,83.78187820976552,1.9273281622507448,HomeKitchen,premium_brand,0.8518635623529434,0.5725,0.3125,0.8225,0.165,0.8925
133.0036736193081,2.813160170249512,50.48579955432588,1.1923120295844862,Computers,premium_brand,0.6121554333876988,0.7825,0.0375,0.51,0.0425,0.6175
234.06981135458759,37.34411400507384,68.1867487724684,3.069808123265124,Computers,premium_brand,0.40266498805322914,0.615,0.39,0.6725,0.3875,0.395
127.55712303918762,0.009379444924245695,88.45614032573721,2.9161139680818597,Computers,premium_brand,0.40339233058882673,0.7975,0.0025,0.865,0.3475,0.3975
11.294843243307641,17.45156061018822,70.77936643532976,2.691574677642993,Computers,premium_brand,0.8604980541009725,0.9975,0.18,0.705,0.29,0.9025
143.65308561634308,20.110867332434708,92.29398502345953,1.464627301067688,Electronics,budget_brand,0.5733997486894747,0.76,0.195,0.905,0.08,0.5825
227.42441465231033,1.7249270087403623,89.14987811606107,1.888318362860347,HomeKitchen,budget_brand,0.7929217526236226,0.6225,0.0225,0.88,0.155,0.8325
144.4311801067422,49.301123518668994,71.08008595874539,2.0178879078322156,HomeKitchen,budget_brand,0.6823689311613329,0.755,0.495,0.71,0.175,0.695
275.78196749906317,41.889128687978186,85.72936866252428,2.2343660111325185,Computers,mid_brand,0.6864125790485855,0.53,0.45,0.8475,0.2125,0.7025
247.6557755377729,80.47086820949187,11.162742342061405,4.929606601098683,Computers,premium_brand,0.34569047073353154,0.585,0.8025,0.105,0.9825,0.345
30.297446597573874,56.74516368497643,3.929790031469571,4.183418558941266,Electronics,mid_brand,0.2856865941771854,0.9675,0.575,0.025,0.71,0.2975
244.4477780900742,99.30866082488853,11.853691495666519,4.689582988674395,Electronics,mid_brand,0.40891084780955744,0.6,0.9925,0.1075,0.915,0.4075
63.32565900780886,56.77412493065211,0.07359585394055568,4.338505994718169,Computers,premium_brand,0.5514768292124573,0.9125,0.58,0.0025,0.7775,0.5425
126.74075448705564,73.02423063584753,25.706094958246666,3.676290503711141,HomeKitchen,mid_brand,0.05915760006173114,0.8049999999999999,0.74,0.265,0.545,0.045
12.453291060377445,82.56188321717602,15.008725521204852,4.428913251826585,Computers,mid_brand,0.30917300668211545,0.9925,0.8325,0.1575,0.81,0.315
245.90317191308742,93.64724322282261,13.352679850704362,3.9830482771517772,Computers,premium_brand,0.147073241162114,0.5925,0.9275,0.135,0.6475,0.14
41.44563943241819,94.75767329698715,47.43256577934618,3.886347184200663,HomeKitchen,budget_brand,0.18994669243116657,0.9575,0.945,0.4775,0.615,0.1775
195.63549205707065,84.82631961386184,44.348414804705875,4.246050954944363,Electronics,mid_brand,0.24954017823482275,0.6799999999999999,0.845,0.435,0.7425,0.2575
118.8360387762706,69.37179241606664,17.258919166219556,4.291588478574922,HomeKitchen,mid_brand,0.3348740697236627,0.8325,0.71,0.17,0.7625,0.335
155.58678697022103,52.69181735707797,45.30818466073526,4.260434857333865,HomeKitchen,budget_brand,0.20351846152413086,0.7475,0.53,0.46,0.7525,0.19
122.74546053248136,71.76611590390615,21.12166814466146,4.110101207413432,Electronics,budget_brand,0.04051871102827303,0.8225,0.7275,0.21,0.6825,0.0325
270.6160822112258,62.71091732217795,49.50743091392454,4.440013671767723,HomeKitchen,mid_brand,0.024620062830985664,0.5375,0.6425,0.5,0.8225,0.0075
244.60997192860344,61.74356804482989,47.75282237819899,3.5220035431736685,Electronics,mid_brand,0.3909661025105385,0.5974999999999999,0.6325,0.48,0.5025,0.3875
73.5283539315496,60.57744313248914,48.9969015049782,3.835255238463729,Computers,mid_brand,0.3332819814681892,0.895,0.625,0.4925,0.6,0.3325
202.29660469607157,50.28234478700015,33.85255991747046,4.7564666327059015,Computers,mid_brand,0.4206988624356136,0.675,0.5075,0.3375,0.9275,0.4125
58.82543225952185,74.83576933227414,9.941929728675392,3.622176093194659,HomeKitchen,premium_brand,0.5865526939336903,0.915,0.765,0.08,0.535,0.595
286.0594900165174,73.75646367719695,14.327942000974431,3.764376217981783,HomeKitchen,budget_brand,0.1945434279294319,0.51,0.755,0.145,0.5725,0.18
20.120213265022144,79.58983652575898,46.74530314020954,4.971635969737914,HomeKitchen,premium_brand,0.22846630034553184,0.975,0.795,0.47,0.995,0.24
102.04841930653373,50.35634768754201,42.00901291231318,3.719344909241037,Electronics,budget_brand,0.6452047486956352,0.8575,0.51,0.41,0.5525,0.6575
108.932830742071,51.5766763034815,22.142436526089675,4.099479608947654,Computers,mid_brand,0.2098257345018643,0.8425,0.5225,0.225,0.675,0.2
179.6531016829574,58.04505831070699,24.782706600714967,3.6004280919202873,HomeKitchen,budget_brand,0.5621790694251293,0.7075,0.6,0.255,0.53,0.565
11.651141498278523,81.7917934739537,32.29475574126035,3.589364606967624,Electronics,premium_brand,0.14709950146466344,0.995,0.8175,0.3225,0.5275,0.1425
54.9206477700199,71.48430797854893,17.95981727885987,4.3502071708548495,Computers,premium_brand,0.44266120603234554,0.9299999999999999,0.7225,0.1825,0.7825,0.4275
173.33758489186187,61.65013428635017,24.423431053333765,4.602886059042268,HomeKitchen,premium_brand,0.38177326192655386,0.7175,0.63,0.2475,0.8825,0.3725
58.45252430060177,57.79923878254225,19.887958380951126,3.82359485608122,Computers,premium_brand,0.21270734078896278,0.9175,0.5975,0.1975,0.59,0.2025
120.06733053318601,69.63103322285247,40.41290830005351,4.559015701135303,Computers,budget_brand,0.22168838347235734,0.83,0.715,0.3975,0.8675,0.2225
270.98418960613577,66.11437956056416,44.47539285789171,4.048310161135423,HomeKitchen,premium_brand,0.4190834802992884,0.5349999999999999,0.675,0.4375,0.66,0.41
92.90579850010309,86.06867376886427,40.12343641663404,3.734237364118239,Electronics,premium_brand,0.15631869695384326,0.87,0.86,0.3925,0.565,0.145
285.44494631599076,85.58007380232458,37.81643202855749,4.489352256443879,Computers,premium_brand,0.18665487161341837,0.5125,0.8525,0.3725,0.84,0.1725
139.06517968220484,61.16516468399823,18.329315195224748,4.198041507150494,Electronics,premium_brand,0.22065019531338084,0.7675,0.6275,0.1875,0.715,0.2175
120.8605963036837,95.24643004205207,38.367146593194065,4.434868191710189,Electronics,premium_brand,0.46035417451022453,0.8275,0.9525,0.3775,0.8175,0.4375
113.17258740052553,90.75140785695024,4.833183459380081,4.613182258410983,Computers,premium_brand,0.5216970405203424,0.8375,0.895,0.0375,0.8875,0.5125
66.93378571572137,71.53009872891572,33.28865430187401,3.6141482818468496,Computers,premium_brand,0.3420291197710114,0.905,0.725,0.3325,0.5325,0.3375
122.18658052180439,56.28403440621821,6.73576613549392,4.447142542982368,HomeKitchen,mid_brand,0.4937132131307482,0.825,0.56,0.055,0.8275,0.4825
221.6820175716314,63.98459261441159,10.394609133559829,4.83982073073972,Electronics,premium_brand,0.44416327252206167,0.6325000000000001,0.6475,0.0925,0.955,0.43
21.849063403785244,91.6154099741363,10.611272734668924,4.978724510144941,HomeKitchen,mid_brand,0.1078887323965337,0.9725,0.9075,0.095,0.9975,0.095
213.6237848989334,55.90505675959499,49.05309602777494,4.372176235539331,Computers,premium_brand,0.13224805184978672,0.6425000000000001,0.5575,0.4975,0.7875,0.125
46.614447043595526,73.79725461451369,21.595519015072828,4.601616930598016,HomeKitchen,premium_brand,0.2192793911476728,0.945,0.76,0.2175,0.88,0.215
205.3023489321154,82.33327953342015,16.937348863892886,3.885472728446324,Computers,mid_brand,0.3875709824771405,0.6625,0.8275,0.1675,0.61,0.38
166.12861162506178,85.37906108974217,12.372543650844287,4.861710976172297,Electronics,premium_brand,0.08004382715292196,0.7275,0.85,0.12,0.9675,0.06
247.94217225077207,97.88799513670784,8.55572322551859,3.8314805767795845,Computers,budget_brand,0.2212281758431772,0.5825,0.98,0.0675,0.5925,0.22
186.24166995475352,68.9379669803851,45.21705060396704,4.23928272213572,Electronics,mid_brand,0.030511231897547928,0.6950000000000001,0.7,0.4575,0.74,0.0125
239.86012973163344,77.25554798941262,45.01710305230994,4.3344266532904925,Electronics,mid_brand,0.22432313119375427,0.605,0.7775,0.45,0.7725,0.23
43.5181750685141,95.63602441220146,23.87785725505945,4.22074942861198,HomeKitchen,premium_brand,0.3579084494889297,0.9525,0.9625,0.2425,0.73,0.3525
173.06213036641816,88.79080560830005,24.72692214429521,4.7587389351952805,Computers,mid_brand,0.1370089405486035,0.72,0.8775,0.2525,0.93,0.1325
14.980501501031366,69.85448831798124,45.50661792634005,4.150387812436952,HomeKitchen,premium_brand,0.25347679944160256,0.9875,0.7175,0.465,0.6975,0.2675
105.93734766302559,84.46601498565511,17.845757171257205,4.32627381997278,HomeKitchen,budget_brand,0.3158707877265041,0.85,0.8425,0.1775,0.77,0.3225
189.68951558932278,95.9734893228242,15.602024109264168,4.859300546448187,Computers,premium_brand,0.11741564154042879,0.69,0.97,0.16,0.965,0.1075
126.95310211612625,94.01114408281745,23.48261138125473,4.967971235154153,Computers,premium_brand,0.10347022974977232,0.8025,0.935,0.2375,0.99,0.0825
103.1782604788473,66.30037849058542,94.68857304278234,4.407037400282612,HomeKitchen,budget_brand,0.5720911875981788,0.855,0.6775,0.9325,0.8,0.58
180.73466454105443,59.95329415522224,53.65768528228266,3.886267106818858,Electronics,mid_brand,0.7940484605703823,0.7025,0.62,0.53,0.6125,0.835
225.71789259554316,59.180974059635446,55.69648078525313,4.232810691057143,Electronics,budget_brand,0.8195089935759811,0.625,0.6175,0.5525,0.735,0.8525
174.52675738050908,98.95244079982177,67.30338529805101,4.0769067571211774,Computers,mid_brand,0.5479167224573624,0.7150000000000001,0.99,0.6625,0.6675,0.5375
259.5448193562255,56.74717855920049,98.93935958033722,4.22064477751638,Electronics,budget_brand,0.8838049545282091,0.5575,0.5775,0.9875,0.7275,0.9325
17.695083066818384,93.05485306085082,64.49708086675903,3.58288254693318,Computers,mid_brand,0.9125149607247927,0.98,0.9225,0.63,0.5225,0.9575
269.00214393681637,68.95644181599421,90.94034668213715,3.8319331859415513,Computers,premium_brand,0.6989989577436535,0.5425,0.7025,0.8875,0.595,0.7275
128.68806158446245,58.14190242371248,69.90454832777536,4.68630214436684,HomeKitchen,budget_brand,0.8560904987833994,0.795,0.605,0.69,0.9075,0.9
267.51590053441754,67.06512301780586,52.024105052593285,4.1507952059587065,HomeKitchen,premium_brand,0.5521005044138381,0.5475,0.6825,0.52,0.7,0.545
217.7685524436648,55.08250270241177,66.14096756082552,4.687154064959877,HomeKitchen,premium_brand,0.426146324596834,0.6375,0.55,0.6475,0.9125,0.4175
211.3505458637297,78.80666100323643,74.06111367724819,4.10226951976513,Electronics,premium_brand,0.8709043464500981,0.65,0.79,0.73,0.68,0.9125
218.49447277105523,97.29333888194624,68.40872166560109,3.58901253678309,Electronics,premium_brand,0.8811551297194091,0.635,0.9775,0.675,0.525,0.9275
100.64458273800687,94.81263177573996,63.42858750705521,4.175213814527031,Electronics,budget_brand,0.8399537185348911,0.86,0.9475,0.625,0.7075,0.88
177.08510491465185,98.11087570577567,75.47496102347665,3.8977451727846084,Electronics,mid_brand,0.680190243837134,0.71,0.985,0.7475,0.6225,0.69
284.8491863908822,73.4303678428214,76.85882128709463,4.260060386925282,HomeKitchen,mid_brand,0.6747632626159973,0.515,0.745,0.77,0.75,0.685
57.68112035928776,85.23316846514734,57.353622766811554,4.686689611228462,HomeKitchen,premium_brand,0.7035817639768871,0.92,0.8475,0.5625,0.91,0.7325
126.98689330477671,56.54344146468057,50.131276585615566,3.725246757649013,Computers,premium_brand,0.8008358035701014,0.8,0.565,0.5025,0.555,0.8425
70.84857980147899,90.66467766907164,99.1764107954525,4.408741911658081,HomeKitchen,mid_brand,0.7179223460882195,0.8975,0.8925,0.9925,0.8025,0.75
234.61348680520342,73.58279246683428,88.61295902364128,3.911946084644261,HomeKitchen,mid_brand,0.9282098048785191,0.6125,0.75,0.87,0.6275,0.975
214.96126454790175,73.1503899992203,85.40081016159291,4.366435998232291,Computers,mid_brand,0.9189434849535152,0.64,0.7425,0.8425,0.785,0.965
210.4804560977025,66.5580675222088,75.99680800666872,3.6369022153350357,HomeKitchen,budget_brand,0.6465266401155396,0.655,0.68,0.755,0.54,0.66
205.65138373935199,95.51560319281356,58.56316626757223,4.409145296829951,Electronics,mid_brand,0.6445870366207621,0.6599999999999999,0.9575,0.5775,0.805,0.655
255.26432996669448,95.49556544741203,80.76623683038281,4.235553789909731,HomeKitchen,budget_brand,0.18429430805509253,0.565,0.955,0.8025,0.7375,0.17
94.98276035467815,67.43914359242211,65.53281299029429,4.994643604286107,Electronics,premium_brand,0.7734091901294142,0.8674999999999999,0.69,0.64,1.0,0.805
154.4068855942964,88.85458135965743,77.03142157636611,4.814511393515501,HomeKitchen,budget_brand,0.5691351979144494,0.75,0.8825,0.7725,0.945,0.575
262.07463035454316,91.31303636845882,85.48548024042563,4.347930908331813,Electronics,budget_brand,0.8159472464527298,0.55,0.905,0.845,0.78,0.8475
123.48320095512305,64.06394201623968,83.97528997709621,4.4837699530922155,HomeKitchen,budget_brand,0.5603615140386691,0.8200000000000001,0.65,0.8275,0.8375,0.56
204.51413009090572,72.1522574450785,78.21716049366042,4.436323760482445,Electronics,mid_brand,0.6557768145802065,0.6675,0.735,0.785,0.82,0.67
196.32733791938404,68.23336179481319,94.0195275657747,4.070235523003624,HomeKitchen,budget_brand,0.7678596287071364,0.6775,0.6975,0.9275,0.665,0.795
47.5830897378029,81.98832607215712,53.45713084293514,4.780615228972116,Electronics,premium_brand,0.8470153163895286,0.9425,0.8225,0.5275,0.94,0.8875
235.31945179799658,64.43901250993468,84.43074219758986,3.7278684602400363,Electronics,mid_brand,0.7869991332615004,0.61,0.655,0.8325,0.5575,0.8225
207.7537064736966,72.23455542238663,66.39103143535195,4.466191316806846,Electronics,budget_brand,0.8829010414171863,0.6575,0.7375,0.655,0.8325,0.93
129.0692954775585,55.75906523926559,60.842076643896135,4.601213713900552,HomeKitchen,budget_brand,0.5174415704103158,0.7925,0.5525,0.6,0.8775,0.505
185.23647615462684,56.6331119058406,50.25602244019128,4.169555501560639,HomeKitchen,premium_brand,0.6820779750758406,0.6975,0.5675,0.5075,0.7025,0.6925
159.60900598168962,56.92791814974529,60.42078150197419,4.591544343541278,HomeKitchen,budget_brand,0.5505392212690544,0.74,0.5875,0.595,0.875,0.54
123.66079041098283,57.65685448118268,93.95080568348988,3.9224477882639066,Computers,premium_brand,0.6390771226912934,0.8175,0.595,0.925,0.6325,0.645
261.4617213989327,93.34310220900397,91.88140621871025,4.213819238216242,HomeKitchen,premium_brand,0.6636945685420064,0.5549999999999999,0.925,0.9,0.7225,0.675
112.95381372618164,51.0376476232453,92.06667577954114,4.552909820389534,Electronics,premium_brand,0.7169153201471179,0.84,0.5125,0.9025,0.865,0.745
64.94348596085615,88.82937632420536,73.23263599641187,4.259463867866669,Computers,premium_brand,0.6920820071684927,0.9075,0.88,0.7275,0.7475,0.7175
137.27503445748596,64.69078178272093,95.78110105293632,3.547384595209577,HomeKitchen,premium_brand,0.8895919001370661,0.775,0.6625,0.9425,0.5075,0.9375
241.94742521351256,51.46017578494184,54.90474132816044,4.039666336736428,Computers,premium_brand,0.8521437075469334,0.6025,0.5175,0.545,0.655,0.895
95.52855926752575,69.4442111274497,71.72323904549941,3.832480796827287,HomeKitchen,mid_brand,0.520872403817208,0.865,0.7125,0.72,0.5975,0.51
224.88949851157867,70.09109291086114,87.60455637630992,4.2966256448818605,HomeKitchen,mid_brand,0.7533733867845243,0.6275,0.72,0.8575,0.7675,0.785
162.06589923016156,66.04640569140709,76.3966631700876,4.82621109090247,HomeKitchen,budget_brand,0.9485213079218046,0.7375,0.6725,0.7575,0.95,0.9875
268.6120906453813,56.6683491204864,93.66792145470207,4.890623165583894,Electronics,mid_brand,0.3897223158906691,0.5449999999999999,0.57,0.92,0.975,0.385
44.97332273092562,62.51825688807579,95.76369976593318,3.9020269561822007,Computers,budget_brand,0.9485439637945223,0.95,0.64,0.94,0.625,0.99
144.18865213742578,84.12350066107886,95.39847967324559,3.7300889576018603,Computers,mid_brand,0.7002851924287239,0.7575000000000001,0.8375,0.935,0.56,0.73
125.96112732158336,92.86601383236759,67.78308009381195,4.185268819982808,HomeKitchen,mid_brand,0.7100069767322128,0.81,0.9175,0.6675,0.7125,0.7425
12.500071496304804,96.82469874158707,61.0890329286055,4.848143473048876,HomeKitchen,mid_brand,0.7491547126840664,0.99,0.975,0.605,0.9625,0.78
84.7223305520014,63.28416817426287,84.40607545388983,4.111188502300225,HomeKitchen,premium_brand,0.5597747541887782,0.88,0.645,0.83,0.685,0.5575
371.1140619122906,47.807614594137064,44.56356236074515,2.9310248289668825,HomeKitchen,premium_brand,0.4835788799021484,0.43000000000000005,0.4825,0.44,0.355,0.4675
772.4937537212919,0.8763026599989787,48.23357550356046,2.7910008261902077,Computers,mid_brand,0.47319086084898626,0.16249999999999998,0.0125,0.485,0.315,0.4575
988.1987149271307,32.30429830124927,48.82596680802506,3.028697593320134,Electronics,mid_brand,0.17057822407570764,0.007499999999999951,0.3375,0.4875,0.3725,0.155
485.389648762607,49.97431982965585,32.3482036503191,3.402160457453764,Electronics,premium_brand,0.10551701633619533,0.35750000000000004,0.5,0.325,0.4575,0.0875
307.5175108841111,32.26485642451992,30.71957474242255,3.040117349943247,HomeKitchen,budget_brand,0.11882040188376077,0.49750000000000005,0.335,0.3,0.38,0.1125
753.8139357365112,42.572392092518335,40.06062423728907,2.976457642615177,Computers,budget_brand,0.4086561049601818,0.18000000000000005,0.4525,0.3875,0.365,0.405
486.6451938488185,33.07076630068613,20.05477493580016,1.5036700831234164,HomeKitchen,premium_brand,0.13813044437307975,0.355,0.3475,0.2025,0.09,0.135
942.2230695680561,15.271219756101445,18.291084911855183,2.321673433872845,HomeKitchen,premium_brand,0.17369073286965842,0.03500000000000003,0.1575,0.185,0.23,0.16
444.7084562325459,21.546294001954415,0.9242934614269671,1.2643252772453533,Electronics,mid_brand,0.37313679416128154,0.37749999999999995,0.22,0.0075,0.0575,0.365
885.1125185929869,12.17587925023022,12.309477992395346,1.4453881977667982,Electronics,mid_brand,0.5951119510263585,0.08999999999999997,0.1075,0.115,0.0775,0.6025
643.1862463184711,40.469594781796445,32.208642819365615,3.392262665411384,HomeKitchen,budget_brand,0.5763160590579601,0.24750000000000005,0.425,0.32,0.455,0.585
736.2350405960321,14.480225696548832,9.85422488937226,2.7365110654045486,Electronics,budget_brand,0.46100627231698593,0.1925,0.1425,0.0725,0.3025,0.4425
761.2221496963539,41.682966470276625,2.2286056897702746,2.561652642151646,HomeKitchen,mid_brand,0.03112508622792625,0.17500000000000004,0.445,0.015,0.26,0.015
377.72237469219544,41.487280314340104,42.27394041291378,1.947150996087342,HomeKitchen,budget_brand,0.5037236839043042,0.41500000000000004,0.44,0.415,0.1675,0.49
635.8951160184631,9.284375190130973,28.23981438091141,1.8979660352314378,Electronics,premium_brand,0.23689546177956947,0.26,0.0875,0.28,0.16,0.25
923.413334795859,14.431305561021684,30.000194964023137,2.6294636769386774,HomeKitchen,premium_brand,0.2071840906030594,0.05500000000000005,0.14,0.2975,0.265,0.195
731.2001235836694,32.693352978151914,31.87763759126089,2.2574375147706283,Electronics,premium_brand,0.4625142137360881,0.1975,0.3425,0.31,0.215,0.445
570.3295009475883,2.0744440191280464,27.95519488317452,1.6921111561884792,Electronics,mid_brand,0.07907087569397074,0.29000000000000004,0.025,0.2775,0.1325,0.0575
676.3012515679229,8.914580891691621,44.90626412824253,1.5987987108040826,Computers,premium_brand,0.6551599513108163,0.22999999999999998,0.085,0.445,0.1175,0.6675
364.29317144792805,24.54003629566721,43.9659383790371,1.8158768850119547,Computers,budget_brand,0.36931225399889345,0.4325,0.26,0.4275,0.15,0.36
999.047272786137,8.208423990740322,17.945509929589456,2.233994460176725,HomeKitchen,mid_brand,0.29197528108272514,0.0,0.075,0.18,0.21,0.3025
745.8410630722591,43.91613010501854,13.04582677413153,1.2173471255540682,Electronics,mid_brand,0.6109121177262922,0.18999999999999995,0.4575,0.1275,0.0525,0.6125
908.4888016017902,18.678687779966264,44.79506170997233,2.917109726037216,Electronics,budget_brand,0.47501270250592526,0.06499999999999995,0.185,0.4425,0.3525,0.46
344.0471885271824,29.45408110499961,2.1959236711583454,2.018978857053593,Computers,mid_brand,0.01149774987915596,0.4575,0.295,0.0125,0.1775,0.0025
888.590111415175,10.354469434719126,19.5250785171932,1.5124274222812797,Computers,budget_brand,0.23622803262626432,0.08499999999999996,0.0925,0.195,0.0925,0.2475
909.3471526572173,12.979099833299445,5.553111327385285,2.9517102045043817,Computers,budget_brand,0.4021079598942322,0.0625,0.1225,0.0425,0.36,0.3925
703.0897798515687,31.986109853154073,6.338347038939368,1.8055418808843213,Computers,premium_brand,0.499100772725165,0.21250000000000002,0.33,0.0525,0.1475,0.4875
795.78647189251,2.749624899293146,14.791349891562684,3.3876788863333216,Computers,premium_brand,0.29565433194546,0.15000000000000002,0.035,0.155,0.4525,0.3075
358.9571491375345,38.939399512156626,32.55046709531116,3.3363883919696695,Electronics,premium_brand,0.5205589558976793,0.4425,0.415,0.3275,0.4375,0.5075
329.91437814559123,41.28139815771492,47.839184077681445,3.3110731086085803,Electronics,mid_brand,0.22820358528363424,0.47750000000000004,0.435,0.4825,0.4275,0.2375
373.5374073679933,31.192466876296542,37.87321080121429,1.0047974684473393,Electronics,mid_brand,0.09961019782727601,0.42500000000000004,0.315,0.375,0.0025,0.0775
330.5508013048711,38.42479797616302,29.17965025257841,1.1347232378740029,HomeKitchen,budget_brand,0.5666848699387643,0.475,0.4025,0.285,0.02,0.5725
795.1512216033324,36.39127336838773,8.430008217290085,2.4537601103238798,HomeKitchen,mid_brand,0.25797225107344773,0.15249999999999997,0.3875,0.065,0.2475,0.28
575.414764189172,1.4741215957189635,31.9859880951184,1.5301828431944222,Computers,premium_brand,0.21725394519626703,0.28500000000000003,0.02,0.315,0.0975,0.2125
746.1643737551458,3.8193673772220658,31.96141739297615,3.4512626464777005,HomeKitchen,premium_brand,0.0649648640272507,0.1875,0.045,0.3125,0.48,0.05
955.8289013006008,23.902844582124356,37.54417999070803,3.4165353960376046,HomeKitchen,mid_brand,0.30962697502151754,0.02749999999999997,0.25,0.37,0.4675,0.3175
961.6839749674583,29.83536413638751,41.32440582935517,1.7942438150705975,Electronics,premium_brand,0.31941489843823495,0.020000000000000018,0.3,0.4075,0.1425,0.325
451.4762732249981,19.914496377572682,44.07589870308119,2.379626618261395,Computers,premium_brand,0.034663743463285226,0.36750000000000005,0.1925,0.43,0.2375,0.02
769.9913751189049,43.01760868409455,16.05649375645512,1.560482717879859,HomeKitchen,premium_brand,0.538553254385045,0.16749999999999998,0.455,0.165,0.11,0.5275
766.6776694568418,41.427921389066206,33.67316389414881,2.6867943094290387,Computers,premium_brand,0.46067099786624266,0.1725,0.4375,0.335,0.2825,0.44
702.2297449103103,23.429584217867127,6.997833935624409,2.141809426483955,HomeKitchen,budget_brand,0.1354268835069297,0.21499999999999997,0.24,0.0575,0.1975,0.13
441.29373365145824,15.291576218941966,40.67397807257914,1.1368049965255635,Electronics,premium_brand,0.6850174899815987,0.38249999999999995,0.16,0.405,0.0225,0.6975
564.9291846104672,8.556258105056486,46.91281854633463,2.177332592407595,Electronics,premium_brand,0.5621318105950303,0.30000000000000004,0.0775,0.4725,0.2025,0.5625
664.8258366948429,5.008945522218388,40.06413878822384,1.2924142660012519,Computers,mid_brand,0.3722415156139237,0.235,0.055,0.39,0.06,0.3625
839.170606502515,2.725521042925511,31.335531893703205,3.40333230674088,Computers,budget_brand,0.25701222347730673,0.11750000000000005,0.0325,0.3025,0.46,0.2775
393.77969814118455,2.5293703063597017,11.155661162560365,2.8260135761511074,Computers,premium_brand,0.28638753604043293,0.405,0.0275,0.1025,0.3325,0.3
808.3686371366377,14.848822006775714,16.02362022093301,2.4383609393070675,HomeKitchen,mid_brand,0.13053209427753026,0.135,0.1525,0.1625,0.245,0.1225
800.1960991594265,20.46556962042007,19.179450247804713,1.6597037121030338,Computers,mid_brand,0.3447017155616905,0.14749999999999996,0.1975,0.19,0.1225,0.3425
841.6714521904989,10.624839927082192,37.34176548645567,3.3767956967144164,HomeKitchen,mid_brand,0.432244578650159,0.11499999999999999,0.0975,0.365,0.4475,0.4225
513.4712076278354,21.129975484689208,25.792783472766672,3.433559370973621,HomeKitchen,mid_brand,0.21634714808836492,0.33999999999999997,0.215,0.2675,0.4725,0.21
432.9922991070118,32.10822827170342,62.07832853041867,1.0189409509216025,HomeKitchen,mid_brand,0.8231818241870539,0.39,0.3325,0.6125,0.0075,0.8575
903.5986937704874,38.45596425119083,65.56852260077514,2.3122237235765484,Computers,mid_brand,0.6907676046727771,0.06999999999999995,0.405,0.645,0.2225,0.7125
573.5405179656834,31.97370059099373,69.96307616446934,3.195080722859145,HomeKitchen,premium_brand,0.962264742000437,0.2875,0.3275,0.6925,0.4125,0.995
583.9218153005232,20.507089815670376,51.991599786489424,3.4855359288249304,Computers,budget_brand,0.5316129517410747,0.2825,0.205,0.5175,0.495,0.52
988.4727180088053,10.554325960556188,56.6193425154675,3.0429388911357673,Computers,mid_brand,0.8986867367163377,0.0050000000000000044,0.095,0.56,0.3825,0.945
774.2261116771317,16.107283547733637,62.40762151289097,2.7963530522056512,Electronics,premium_brand,0.779836483789426,0.16000000000000003,0.1675,0.6175,0.3175,0.81
540.2065689431533,41.537062644497844,92.38684647535491,3.45830337997545,HomeKitchen,premium_brand,0.8436089385862231,0.3225,0.4425,0.9075,0.485,0.885
313.2345356801483,24.17048898989397,74.43627099373846,2.680555888853841,Electronics,budget_brand,0.6253979179435776,0.49250000000000005,0.255,0.7325,0.275,0.6275
340.72383449938025,20.479081246734577,95.67580976607616,1.2135994186340442,Electronics,budget_brand,0.7317609374042243,0.4675,0.2,0.9375,0.05,0.76
927.8408787212973,33.53962495683375,75.76706463213701,3.218494294803305,HomeKitchen,mid_brand,0.4949450879705947,0.050000000000000044,0.3525,0.7525,0.4175,0.485
448.7555225315939,47.10112460806813,58.999878306188904,2.51891106120441,Electronics,mid_brand,0.9160145469978344,0.37250000000000005,0.4775,0.5825,0.2525,0.9625
975.2054065011733,44.81474042151128,69.48866235322356,2.7907321511623175,Computers,budget_brand,0.834820209898205,0.012499999999999956,0.4625,0.685,0.3125,0.875
376.55382499784326,20.48795566797732,78.36726057263525,3.487115995712404,Computers,budget_brand,0.8224412437152552,0.42000000000000004,0.2025,0.7875,0.4975,0.855
769.9408241787346,16.317025936953637,98.00907148202376,1.5798948356629887,Computers,premium_brand,0.4766147327657791,0.17000000000000004,0.1725,0.975,0.1125,0.4625
827.6778029872875,34.60608620456464,89.42304010293942,3.0382255260253803,Electronics,mid_brand,0.6157547890409392,0.13,0.365,0.8825,0.3775,0.62
806.4282862959085,17.144340184417683,72.68170891186993,3.303048685495229,Electronics,mid_brand,0.8120386352375865,0.13749999999999996,0.175,0.725,0.425,0.845
486.83316853021483,0.8834006968984176,88.36785008941317,3.382199335911233,Computers,premium_brand,0.6337213247176311,0.35250000000000004,0.015,0.8625,0.45,0.64
632.0655123868578,29.814699970588748,50.24037680843886,1.775416454035895,HomeKitchen,budget_brand,0.8811088710343477,0.265,0.2975,0.505,0.14,0.925
923.8592242783578,22.04894290731797,59.72050826137762,3.1411078185891674,Computers,budget_brand,0.7914667770477355,0.05249999999999999,0.2275,0.59,0.405,0.83
722.6874235444379,28.36330504278696,88.96680554377824,2.0900913086752873,HomeKitchen,budget_brand,0.6263811916768427,0.2025,0.2925,0.8775,0.19,0.63
362.13977694744983,15.741698409289079,80.38176634671358,2.0427887371740536,Electronics,budget_brand,0.49361948183256243,0.4375,0.1625,0.8,0.1825,0.48
538.1107348932395,24.837389720475368,75.0924605672629,1.46721267385424,Computers,mid_brand,0.8325294699329685,0.32499999999999996,0.2625,0.74,0.0825,0.87
833.3088996078616,31.31934246224607,97.25202837571703,1.1774780278959034,HomeKitchen,budget_brand,0.691214906448959,0.125,0.3175,0.9625,0.035,0.715
678.1116081827731,37.39908760346161,74.4513789327065,1.1944261521215076,HomeKitchen,premium_brand,0.6439462486840049,0.22750000000000004,0.3925,0.735,0.045,0.6525
958.1953315322713,23.703912274853778,88.50633061967865,2.5505565762195284,Electronics,budget_brand,0.7629960157253884,0.022499999999999964,0.2475,0.8675,0.2575,0.79
352.15693356087803,34.47382075214102,88.75025258612897,1.1806308959976655,HomeKitchen,mid_brand,0.9808927621637835,0.4475,0.36,0.8725,0.0375,1.0
332.2435560643545,17.29003592712087,77.63431457732015,2.8651787786941334,HomeKitchen,mid_brand,0.9285502773960885,0.47250000000000003,0.1775,0.78,0.3375,0.9775
770.2670702353082,34.01782217673129,97.04934091183786,2.9338539852472536,Computers,budget_brand,0.7801393414199631,0.16500000000000004,0.3575,0.9575,0.3575,0.8125
589.0594940458463,23.459448009619493,98.55062572944664,2.7997393842215654,Computers,premium_brand,0.6033458225192028,0.28,0.2425,0.985,0.3225,0.6075
692.580642352629,13.902667957454506,83.04197943432177,1.9266261233977908,Computers,budget_brand,0.5398559395531196,0.22499999999999998,0.1375,0.8175,0.1625,0.53
988.6457781100418,46.84835571532318,60.767757724787444,2.074871104480936,HomeKitchen,budget_brand,0.8892560327905011,0.0024999999999999467,0.475,0.5975,0.185,0.935
845.3185278318339,35.0735441280227,78.40146473953577,3.0930271089585912,HomeKitchen,premium_brand,0.7472906288008485,0.10999999999999999,0.37,0.79,0.395,0.7775
707.1485432386928,16.24732388954936,81.34485143506207,3.445308597316245,Computers,budget_brand,0.8727481245660866,0.20750000000000002,0.17,0.8075,0.4775,0.92
377.0092459969135,34.505518173292295,59.914206957667986,3.3605162297437774,HomeKitchen,mid_brand,0.7985125013954286,0.4175,0.3625,0.5925,0.4425,0.84
556.3901286843493,31.00771843686877,81.16920407330315,2.133629618498513,Electronics,budget_brand,0.2595794582228754,0.3125,0.31,0.805,0.195,0.2825
637.2848051002456,26.212140267521338,96.78658600197943,3.4369823586599724,Computers,mid_brand,0.7531088690819808,0.25749999999999995,0.275,0.9525,0.475,0.7825
637.948259465157,35.52610472293557,97.81562748586163,3.3318544441674103,Electronics,budget_brand,0.7555776527965997,0.25249999999999995,0.3775,0.9675,0.435,0.7875
940.3368448170379,0.9221324660336205,68.4692652126466,1.3587311008791716,Computers,mid_brand,0.7826177796213674,0.040000000000000036,0.0175,0.6775,0.0675,0.8175
935.3902030313985,6.781150427410765,71.23954982776114,2.965355650288972,HomeKitchen,budget_brand,0.912767178493674,0.04249999999999998,0.07,0.7125,0.3625,0.96
465.7354340233853,8.660122451619479,55.01639650348525,1.8037549958383678,Computers,mid_brand,0.531942234437352,0.36250000000000004,0.0825,0.5475,0.145,0.5225
557.9297147101286,40.95566453157862,84.64815117036939,1.141259342533019,HomeKitchen,budget_brand,0.5829514394555302,0.3025,0.43,0.8375,0.025,0.5925
380.52861157878016,31.335829067923076,97.9170354713347,2.156968229976032,Computers,budget_brand,0.6544283099207098,0.4125,0.32,0.97,0.2,0.665
654.8875177280274,13.141692061212668,56.55782080004308,3.357011999358826,Computers,premium_brand,0.8498132206313775,0.245,0.1275,0.5575,0.44,0.89
363.5733885455382,41.001088658519954,53.38677657385488,2.1995946382317593,Electronics,premium_brand,0.7747646237281912,0.43500000000000005,0.4325,0.525,0.2075,0.8075
313.7399991285017,0.7104945048011846,90.56339172178352,2.5813886541829785,Electronics,budget_brand,0.7906585393312802,0.49,0.01,0.885,0.2625,0.8275
907.2642909420823,38.27878327374341,69.59160691278257,1.0344754896260873,HomeKitchen,mid_brand,0.5411826793804343,0.0675,0.4,0.6875,0.0125,0.5325
556.4234512183513,39.03027995242005,81.72698862437667,1.5560153268936399,Electronics,mid_brand,0.9033381167032556,0.31000000000000005,0.4175,0.81,0.1075,0.95
406.74693019092183,5.778305104671489,71.87691853603296,2.723803605746222,HomeKitchen,premium_brand,0.5052160164337155,0.4,0.0625,0.7225,0.2975,0.4925
619.3660206262713,0.5511271966871234,52.77309696000892,2.708505853341548,Electronics,mid_brand,0.3564699809157591,0.27,0.005,0.5225,0.295,0.35
789.414750224129,15.105061812479226,67.02598585423308,1.3682239493703054,HomeKitchen,mid_brand,0.4878280585087849,0.15749999999999997,0.155,0.6575,0.07,0.4725
565.9389169432698,65.09685272674848,0.7077517427383551,4.659750709451737,Computers,budget_brand,0.023683734287550596,0.2975,0.6675,0.005,0.8975,0.005
359.4407369472912,87.51500853088153,10.302356440193499,4.844716745264233,Electronics,mid_brand,0.07085081634372282,0.43999999999999995,0.8675,0.09,0.9575,0.0525
557.1717585107342,81.68634548133322,12.918831268258375,4.452791409875928,Electronics,premium_brand,0.11121264352250436,0.30500000000000005,0.81,0.125,0.83,0.0975
749.7623765122781,82.71033312750664,44.988927846285165,4.915512214374037,HomeKitchen,premium_brand,0.08120452126036089,0.18500000000000005,0.835,0.4475,0.98,0.065
725.5112466610807,71.82754598708176,49.01372364995896,4.751369740889009,Computers,budget_brand,0.27617911787818183,0.19999999999999996,0.73,0.495,0.925,0.295
802.326829038094,84.43220066495536,35.8789787374366,4.886050821060412,Electronics,budget_brand,0.22689460807165024,0.14500000000000002,0.84,0.36,0.97,0.2325
569.2130305110633,58.4232866497482,23.794665046778107,3.981206206555127,Electronics,budget_brand,0.0932272850044924,0.2925,0.6125,0.24,0.6425,0.075
445.74124560377754,95.59288349080958,35.41009627726261,4.658101531357869,HomeKitchen,budget_brand,0.4856162573432767,0.375,0.96,0.355,0.895,0.47
435.9915212839057,78.28066065411043,24.478518964883968,4.662259360288414,Computers,mid_brand,0.18877424211331092,0.385,0.785,0.25,0.9,0.175
969.1397104144377,94.8297989238321,29.938687608329705,4.579925757510268,Computers,premium_brand,0.11381278611059262,0.015000000000000013,0.95,0.2925,0.8725,0.1025
921.9802494372422,93.84912574876063,12.54354797047399,4.574383476932315,Electronics,mid_brand,0.24664165282010977,0.057499999999999996,0.93,0.1225,0.87,0.2525
518.2556822859013,57.59790986906318,34.892837659637635,3.7743858720945522,HomeKitchen,premium_brand,0.1137535773176245,0.33499999999999996,0.5925,0.3525,0.58,0.1
699.3210381827327,79.91681176262212,6.329897452451588,4.047554900262952,Electronics,premium_brand,0.22178219230560148,0.21999999999999997,0.7975,0.05,0.6575,0.225
804.0270893541209,90.18774999921901,13.23330801831188,4.73876887844042,Electronics,premium_brand,0.21288785419244102,0.14249999999999996,0.89,0.1325,0.9225,0.205
898.8348858109855,56.88582480280771,28.994619744015882,4.406010239764197,Computers,premium_brand,0.25442128009408055,0.07250000000000001,0.585,0.2825,0.7975,0.27
324.0928941460899,64.21986816213875,34.152427564913125,4.769025053009322,Electronics,premium_brand,0.16920128667751616,0.48250000000000004,0.6525,0.345,0.9325,0.1475
847.5992618274336,80.47781878013089,11.958632012405229,3.7034225424113534,Computers,mid_brand,0.46565745244541995,0.10750000000000004,0.805,0.11,0.55,0.45
435.12431968600424,99.74796073497014,9.892812394703471,4.083255818312654,Computers,premium_brand,0.19464553675549975,0.38749999999999996,0.9975,0.075,0.67,0.1825
732.3258778713097,80.78880807655469,20.170195304303316,4.412799855870796,Computers,budget_brand,0.4412207609719369,0.19499999999999995,0.8075,0.205,0.8075,0.425
660.2367488583284,53.541001912844564,22.19414099703723,3.955612022369472,Computers,budget_brand,0.07840908433802957,0.24250000000000005,0.535,0.23,0.64,0.055
823.0223914669982,96.1366165058345,2.2540534384420274,4.77422886076743,Electronics,premium_brand,0.4057301709727509,0.13249999999999995,0.9725,0.0175,0.9375,0.4
919.0627534069525,68.99154494753247,34.34275523913469,4.785818455761601,Electronics,budget_brand,0.22295748113056338,0.06000000000000005,0.705,0.35,0.9425,0.2275
317.2268368987012,53.588998466361225,13.712043313530693,3.7331629957810386,Electronics,budget_brand,0.31560865074706596,0.48750000000000004,0.5375,0.1375,0.5625,0.32
791.3133595867951,86.48425762772686,40.344597629244866,4.472325309272203,Electronics,budget_brand,0.2526374293913532,0.15500000000000003,0.8625,0.395,0.835,0.265
443.1197950508777,85.97184062547268,8.78096550927987,4.822286133946508,Computers,premium_brand,0.698685455617087,0.38,0.8575,0.07,0.9475,0.7225
382.8829138269756,73.71615912235487,44.11206136577823,4.838857469637917,Electronics,premium_brand,0.42179190489798307,0.41000000000000003,0.7525,0.4325,0.9525,0.415
552.2821580192796,88.12884473681687,6.253537316724095,4.51379703409099,HomeKitchen,mid_brand,0.5557213354436775,0.31499999999999995,0.8725,0.0475,0.8525,0.55
492.53069854195496,81.95428250985448,43.36560683250959,4.502674874657381,Computers,premium_brand,0.08635598031146963,0.35,0.82,0.425,0.845,0.0675
596.4667481535869,88.27304439952277,1.9582999951233415,3.762158255807959,Computers,premium_brand,0.7047464572427266,0.27749999999999997,0.875,0.01,0.57,0.7375
480.8278377414782,75.17084116865004,7.749672409203762,4.060414212559638,HomeKitchen,budget_brand,0.22757397770605353,0.36,0.7675,0.0625,0.6625,0.235
338.25559616461993,69.06802956905909,46.46931826291986,4.396310187046712,Electronics,premium_brand,0.5650643479200459,0.47,0.7075,0.4675,0.795,0.5675
842.275644714024,56.30882126903036,10.11550508363595,4.2240387324525335,HomeKitchen,budget_brand,0.14026493106575535,0.11250000000000004,0.5625,0.085,0.7325,0.1375
449.7937415961929,92.20305060741458,10.895015548606452,3.559468052587694,HomeKitchen,budget_brand,0.03873537517852844,0.37,0.9125,0.0975,0.5125,0.025
662.5233688818612,94.71508265802939,31.516951106708856,4.934621959547687,Electronics,mid_brand,0.12768014204848036,0.23750000000000004,0.9425,0.305,0.9875,0.12
863.0802244511617,98.02138902183614,14.203300654733209,4.273763073336389,HomeKitchen,budget_brand,0.32971605130190823,0.09999999999999998,0.9825,0.1425,0.7575,0.33
407.17079146518176,50.13170947276865,7.6987342624276085,3.5758497938377323,HomeKitchen,budget_brand,0.17005156371850394,0.39749999999999996,0.505,0.06,0.52,0.15
342.1328724283035,82.12271044900908,19.240175189669973,3.8564061934518623,Computers,mid_brand,0.1772421693893822,0.4625,0.825,0.1925,0.6025,0.165
850.871988062486,54.88078502475372,47.09780560308259,3.5477414304710133,Electronics,mid_brand,0.10558699358883483,0.10499999999999998,0.5475,0.475,0.51,0.09
541.4749620787329,68.01060630940239,21.511862295302848,3.744436948913046,Computers,mid_brand,0.3804161929226525,0.31999999999999995,0.695,0.215,0.5675,0.37
705.2913627365724,73.58053015795669,37.40633747183452,4.5048692987182575,Electronics,budget_brand,0.10420673728549107,0.20999999999999996,0.7475,0.3675,0.8475,0.085
372.06596377672713,93.86371335359695,19.897728826954513,3.670968200305216,Computers,mid_brand,0.11584555804241933,0.4275,0.9325,0.2,0.5425,0.105
497.07531003984724,99.81565086780108,38.6741328521917,3.7654674974335314,Computers,budget_brand,0.1703298762367261,0.345,1.0,0.38,0.575,0.1525
567.8853336320532,90.98560866228584,40.48309275879206,4.700795938431751,Electronics,premium_brand,0.03608594009108314,0.29500000000000004,0.9025,0.4,0.9175,0.0225
424.3775811658881,58.484898114664105,42.04196319607004,4.887144697345886,Electronics,mid_brand,0.21621882441858822,0.395,0.615,0.4125,0.9725,0.2075
504.9333583432425,90.76991668943387,22.179823747079325,4.200967146282354,HomeKitchen,budget_brand,0.08945573815892834,0.3425,0.8975,0.2275,0.7175,0.0725
388.4190717985468,76.77417432739865,34.00551849018546,4.095917622508237,HomeKitchen,premium_brand,0.0389573133785618,0.4075,0.775,0.34,0.6725,0.0275
948.0684918036504,58.325320131753934,23.158382348387192,4.1298914400013365,HomeKitchen,budget_brand,0.38386103819390244,0.030000000000000027,0.61,0.2325,0.6925,0.3775
829.8797987920342,64.45269672406042,32.769000656675125,4.270950115580921,Electronics,mid_brand,0.20867049496337173,0.12749999999999995,0.6575,0.33,0.755,0.1975
956.0601580321662,57.4186300083713,12.367335130856288,4.037177990365243,Electronics,budget_brand,0.08109174450711314,0.025000000000000022,0.59,0.1175,0.6525,0.0625
556.7608447479636,54.21282084490401,45.42926402310003,3.783287253309817,Electronics,premium_brand,0.3021667219824088,0.3075,0.545,0.4625,0.5825,0.3125
406.524780833368,82.54410183292472,70.54103492400131,4.651006760726288,HomeKitchen,mid_brand,0.6987453481735222,0.40249999999999997,0.83,0.6975,0.89,0.725
758.7898357322447,58.09588052959887,93.16286068268533,4.101335405529326,HomeKitchen,budget_brand,0.7698641109952146,0.1775,0.6025,0.9175,0.6775,0.8
456.64251697364705,65.04332549558063,61.6223503238387,4.681269477665893,Computers,budget_brand,0.5061597003932392,0.365,0.665,0.61,0.905,0.495
326.385790854075,79.16116630115745,92.72280545864515,3.9219387592049606,HomeKitchen,budget_brand,0.8266823078479456,0.48,0.7925,0.91,0.63,0.8625
640.3325191289689,58.21210038230164,97.92173861032101,3.636685667697319,HomeKitchen,mid_brand,0.5356616644919967,0.25,0.6075,0.9725,0.5375,0.525
929.8012809258736,55.90095077633855,70.67709193903376,4.392342371205426,Electronics,mid_brand,0.6102529306663659,0.04749999999999999,0.555,0.7025,0.7925,0.61
629.8144668210102,67.14132517665603,92.7384303246009,4.497733049270755,Electronics,premium_brand,0.7352961930809817,0.26749999999999996,0.685,0.915,0.8425,0.7675
349.31446000873234,67.90860593279798,65.11864103625216,4.531720495388203,Computers,mid_brand,0.8719922920690955,0.4525,0.6925,0.6325,0.855,0.9175
637.856753253743,50.07289178716606,76.49528114135028,4.970921741723041,Electronics,mid_brand,0.552213447467505,0.255,0.5025,0.7625,0.9925,0.5475
859.6284511974249,53.22891824914149,70.6214422897326,4.540554539538804,Computers,budget_brand,0.5567804731260065,0.10250000000000004,0.5325,0.7,0.86,0.5525
888.4848914979278,98.43154781932473,59.527842924835376,4.609584328378709,Electronics,budget_brand,0.8540169126862591,0.08750000000000002,0.9875,0.5875,0.885,0.8975
932.3286146512822,51.47098221639958,56.47408311905526,3.892926985337849,Computers,mid_brand,0.906120293209117,0.04500000000000004,0.52,0.555,0.62,0.9525
342.37556056558657,95.6546386278742,53.66286938077655,4.0289349695555,Computers,budget_brand,0.9013688697947632,0.45999999999999996,0.965,0.5325,0.65,0.9475
884.32100248654,81.78523484737559,66.29536574925046,4.534104215437296,Electronics,budget_brand,0.8947027221434664,0.09250000000000003,0.815,0.65,0.8575,0.9425
356.99802482082396,76.76357343118985,59.03628367747762,4.215029765468366,HomeKitchen,premium_brand,0.8639730733362198,0.44499999999999995,0.7725,0.585,0.725,0.91
942.9862284925632,52.633008889459525,74.56990468441795,4.655519962227638,HomeKitchen,mid_brand,0.7179810429196685,0.03249999999999997,0.5275,0.7375,0.8925,0.7525
890.1081913853498,52.62112408736415,97.04568639210237,4.847243137132837,HomeKitchen,budget_brand,0.9291511447159542,0.08250000000000002,0.525,0.955,0.96,0.98
634.369850195571,56.70557713980062,88.11979628277277,4.508469134661635,HomeKitchen,premium_brand,0.47785421621467505,0.26249999999999996,0.5725,0.86,0.85,0.465
340.82696110337577,94.21931587730734,65.1243435845128,3.794283065293252,Electronics,premium_brand,0.5422550758949733,0.46499999999999997,0.9375,0.635,0.5875,0.535
837.3165375424253,95.96321618426711,84.73740984439488,4.72645847404479,Electronics,budget_brand,0.6937459178807306,0.12250000000000005,0.9675,0.84,0.92,0.72
838.1733717601622,65.72168920968628,94.28062151819356,4.250621056337468,HomeKitchen,mid_brand,0.94411984668112,0.12,0.67,0.93,0.745,0.985
661.1305806803264,89.6848341579073,97.11273869029858,4.1293009610600855,HomeKitchen,budget_brand,0.8316089746278054,0.24,0.885,0.96,0.69,0.8675
536.9778045656597,67.26831600739251,82.61801209110627,4.893664476653418,Electronics,budget_brand,0.44660585030676,0.3275,0.6875,0.8125,0.9775,0.4325
962.7751812576621,91.89839107076044,91.42765095924346,4.445322428285946,Electronics,mid_brand,0.8613579742409776,0.01749999999999996,0.91,0.895,0.825,0.905
751.365279465696,73.77693178617253,91.33587818836989,4.430902872492245,Electronics,budget_brand,0.6280144538838679,0.1825,0.7575,0.8925,0.815,0.6325
941.1114784390743,51.35107397400014,87.4093791944895,4.118503150674829,HomeKitchen,premium_brand,0.6177016084400587,0.03749999999999998,0.515,0.855,0.6875,0.6225
874.69445467841,60.263408887965355,58.27488784929963,4.552139098896214,HomeKitchen,mid_brand,0.7217719064001054,0.09750000000000003,0.6225,0.575,0.8625,0.755
880.5949964485371,89.97716198012563,71.54540495685364,4.932397348381302,HomeKitchen,budget_brand,0.8356375507212193,0.09499999999999997,0.8875,0.7175,0.985,0.8775
319.2767453844205,80.00905470260912,99.6068254239263,3.5630239051993273,Computers,premium_brand,0.5891260521635315,0.485,0.8,0.9975,0.515,0.5975
599.9499653569356,81.73305684735317,78.59223549990001,3.9253140716324606,Computers,premium_brand,0.727893423160139,0.275,0.8125,0.7925,0.635,0.7575
374.9046481113802,64.67892657965452,69.26556517522613,3.8633278509671825,Electronics,budget_brand,0.7670723660604246,0.4225,0.66,0.6825,0.605,0.7925
696.1423276508492,93.05339100922873,76.76358272832672,3.5750333472262046,Computers,premium_brand,0.6774772401634813,0.22250000000000003,0.92,0.7675,0.5175,0.6875
523.137275974342,88.04368317057131,98.41727125503108,3.8887964436737366,HomeKitchen,mid_brand,0.46616145810543985,0.32999999999999996,0.87,0.98,0.6175,0.4525
700.426064938932,85.84842143241193,57.60571785284552,3.982312692732802,Electronics,premium_brand,0.591322132893418,0.21750000000000003,0.855,0.57,0.645,0.6
541.8487677466669,90.77528491981228,70.34415140614556,4.337021094468904,Electronics,budget_brand,0.8745123203520846,0.3175,0.9,0.695,0.775,0.9225
897.6214229858444,99.72878434272553,54.486685721695174,4.139245956132942,Computers,mid_brand,0.9571816082036998,0.07499999999999996,0.995,0.54,0.695,0.9925
806.0453976901115,77.37761047156367,57.407151612899824,3.9379225486475327,HomeKitchen,budget_brand,0.8233233047299208,0.14,0.78,0.565,0.6375,0.86
895.1634904726754,78.39483190112263,82.68595104103824,3.8810395407338247,Computers,premium_brand,0.2520649547378229,0.07750000000000001,0.7875,0.815,0.6075,0.26
890.4656366177558,78.10492874557366,91.79182329211342,3.7842685415019996,Electronics,mid_brand,0.2998357675945521,0.07999999999999996,0.7825,0.8975,0.585,0.31
311.1527359338537,61.78053611577024,68.12359098513548,4.382302168683324,HomeKitchen,mid_brand,0.8193138995443056,0.495,0.635,0.67,0.79,0.85
345.1005190934596,76.32828633007688,83.90190910409333,4.290241039509458,Computers,premium_brand,0.5088751212565417,0.45499999999999996,0.77,0.825,0.76,0.4975
979.3569822373191,92.7521338948028,51.618206684601056,4.292851883283106,HomeKitchen,premium_brand,0.7400406749258162,0.010000000000000009,0.915,0.515,0.765,0.7725
351.40005130729025,61.94549306854829,76.74491086351148,4.17031063828784,HomeKitchen,mid_brand,0.9102754850032174,0.44999999999999996,0.6375,0.765,0.705,0.955
495.38550152383175,54.086037127628266,84.47608591007253,3.5236446620213178,HomeKitchen,mid_brand,0.6415800352635048,0.34750000000000003,0.5425,0.835,0.505,0.65
517.6678860076437,87.18762673089265,77.3792456067095,3.681815698243231,HomeKitchen,mid_brand,0.863785493401913,0.3375,0.865,0.775,0.5475,0.9075
518.7734235763139,71.95769213449844,79.51507258366131,4.2058263117531105,Computers,premium_brand,0.6112639917788008,0.3325,0.7325,0.7975,0.72,0.615
431.9001470803768,56.78413374411833,96.40543132310343,4.772318036334012,HomeKitchen,mid_brand,0.740258008162936,0.39249999999999996,0.5825,0.95,0.935,0.775
710.6786370665579,73.93097757470709,68.56483374063393,4.4298356635314455,Computers,mid_brand,0.47269737406741985,0.20499999999999996,0.7625,0.68,0.8125,0.455
609.1542818786639,94.4947352702377,62.17032174121679,3.7678056567025235,HomeKitchen,premium_brand,0.9231353183686148,0.27249999999999996,0.94,0.615,0.5775,0.97
668.8030331846641,53.96645190870585,75.44282942024284,4.669874157850525,Computers,mid_brand,0.6029450760178917,0.23250000000000004,0.54,0.745,0.9025,0.605
